"termo";"coeficiente";"erro_padrao";"valor_t";"p_valor"
"(Intercept)";0,209585362604005;0,00281833006810615;74,3650876722331;0
"tipo_viaNAO DISPONIVEL";0,77570857274364;0,0114914964907019;67,5028333665059;0
"tipo_viaVIAS URBANAS";-0,0930264360050609;0,00167405374194243;-55,5695636731;0
"turnoMANHA";-0,0741261327369724;0,00235895989629547;-31,4232271830397;4,83685556164549e-216
"turnoNAO DISPONIVEL";0,811439905448169;0,0155444931816165;52,2011168822029;0
"turnoNOITE";-0,045015290704572;0,00236676612769222;-19,0197460483624;1,45319192848842e-80
"turnoTARDE";-0,0709092773852005;0,00232969649829522;-30,4371309469234;7,26720141772523e-203
"qtd_pedestre";0,054164477659852;0,00177577253160029;30,5019233578526;1,01925017931889e-203
"qtd_bicicleta";0,0327131277916686;0,0033657411969295;9,71944242816773;2,5290696266719e-22
"qtd_motocicleta";0,0244976251878814;0,00264278299305417;9,26963176782459;1,89126870225205e-20
"qtd_automovel";0,0216502170367859;0,00253531948831385;8,53944330747233;1,36088278694635e-17
"qtd_onibus";0,0572452693897239;0,00380070386222981;15,0617547340663;3,14781122833876e-51
"qtd_caminhao";0,1073635700489;0,00400339524167287;26,8181290049285;4,65354590159226e-158
"veiculos";-0,0418892733584653;0,00243481697629779;-17,2042801435363;2,85119489219773e-66
