"termo";"coeficiente";"razao_chances";"p_valor"
"(Intercept)";-0,661393521112582;0,516131592849079;3,74624252023325e-44
"tipo_viaNAO DISPONIVEL";6,78003259762867;880,097412728864;1,44969891188964e-21
"tipo_viaVIAS URBANAS";-1,29466530860928;0,273989550931075;0
"turnoMANHA";-1,07192564905844;0,342348638941195;1,51924833139219e-137
"turnoNAO DISPONIVEL";17,183551492142;29021616,0736596;0,841291408335623
"turnoNOITE";-0,506713514384949;0,602472345422196;1,05720514336325e-37
"turnoTARDE";-1,03490629124977;0,355259670304887;1,74050516794935e-134
"qtd_pedestre";0,642551889761242;1,90132666977508;7,04807966509411e-137
"qtd_bicicleta";0,574907497935311;1,77696614627397;3,5896331997951e-23
"qtd_motocicleta";0,160668993737795;1,17429620507824;0,00337254477938052
"qtd_automovel";0,0156958442862924;1,01581967105719;0,766775200155093
"qtd_onibus";0,734411052104334;2,08425411388785;2,29221816008599e-23
"qtd_caminhao";1,13963374539638;3,12562338156852;2,94471317342314e-58
"veiculos";-0,627913990959372;0,533703951893877;3,0877412880826e-37
